"","bigdata$result_label","mean_total_accelx","mean_total_accely","mean_total_accelz","mean_gyrox","mean_gyroy","mean_gyroz","mean_body_accelx","mean_body_accely","mean_body_accelz"
"1","WALKING",0.996692553375027,-0.178813059476049,-0.0586093435116383,-0.00727378875197233,0.0022210590363123,1.32135316123195e-05,-0.000255311301474141,-0.000403181860946456,-0.000189631439948855
"2","WALKING_UPSTAIRS",0.951374347583893,-0.267574752399238,-0.147927957631293,0.0355808901519787,-0.00640359407764853,-0.0117016346817766,-0.00314914345871147,-0.00460791608298357,-0.00404016136826714
"3","WALKING_DOWNSTAIRS",0.993088908964296,-0.149805794943722,-0.0518255703706332,-0.0581264680924628,0.00963782872221092,0.00369359252352707,0.00217651409689613,0.000433367646172942,0.000841051656299504
"4","SITTING",0.956936367105286,0.12896543915837,0.146514987924501,-0.0110936366639314,0.00100167979825334,-0.00378664530174801,-0.000930691546224769,0.00233333809974004,0.000921860034107262
"5","STANDING",1.0018614361986,-0.165441301252369,-0.0187652214134165,0.00101870473843132,0.00299229085265617,-0.0027398783430838,0.000325139675886998,0.000517310207636884,0.000568426911721241
"6","LAYING",0.0686513676712731,0.638922768743245,0.540777627266945,0.0112927953676627,-0.00861057781488487,0.0175054787412647,-0.00183970770502193,-0.000618701590130533,0.000288059457322774
